Poblacion,Estado,Tipo,Concesionario/Permisionario,Distintivo,Banda,Frecuencia (kHz),Potencia Diurna y Nocturna,Inicio,Fin,Latitud,Longitud,Altitud,
AGUASCALIENTES,AGS.,(C),"RADIO XEDC, S.A. DE C.V.",XEDC,AM,1050,1-D  1-N,29/10/08,28/10/20,215251,1021746,1885,
AGUASCALIENTES,AGS.,(C),"RADIO Y PUBLICIDAD DE AGUASCALIENTES, S.A. DE C.V.",XEYZ,AM,1130,10 -D  2.5 -N,03/01/10,02/01/20,215251,1021746,1885,
EL SAUZ II,AGS.,(C),JOSEFINA REYES SAHAGÚN,XEEY,AM,660,50 -D  10 -N,24/05/07,23/05/17,215401,1022133,1880,
JESÚS MARÍA,AGS.,(P),GOBIERNO DEL ESTADO DE AGUASCALIENTES,XENM,AM,1320,6 -D  0.5 -N,17/11/12,16/11/24,221404,1020646,2292,
JARAMILLO,B.C.,(C),"MEDIA SPORTS DE MÉXICO, S.A. DE C.V.",XEPE,AM,1700,10 -D  10 -N,17/11/03,16/11/15,305519,1160745,57,
MEXICALI,B.C.,(C),"GRUPO RADIODIGITAL SIGLO XXI, S.A. DE C.V.",XEAA,AM,1340,1 -D  1 -N,09/06/09,08/06/21,323948,1152804,8,
MEXICALI,B.C.,(C),"STEREOREY MEXICALI, S.A.",XEABCA,AM,820,3.5 -D  0.5 -N,29/09/10,28/09/20,323948,1152804,8,
MEXICALI,B.C.,(C),"LA VOZ DE MEXICALI, S.A.",XEAO,AM,910,0.25 -D  0.25 -N,04/07/04,03/07/16,323948,1152804,8,
MEXICALI,B.C.,(C),"XECL-AM, S.A.",XECL,AM,990,1.4 -D  3 -N,04/07/04,03/07/16,323948,1152804,8,
MEXICALI,B.C.,(C),"X-E-D, S.A.",XED,AM,1050,10 -D  N.A. -N,22/05/10,21/05/20,323948,1152804,8,
MEXICALI,B.C.,(C),"X-E-H-G, S.A.",XEHG,AM,1370,0.5 -D  N.A. -N,04/07/04,03/07/16,323948,1152804,8,
MEXICALI,B.C.,(C),"RADIODIFUSORA CACHANILLA, S.A. DE C.V.",XEMBC,AM,1190,0.25 -D  0.1 -N,04/07/04,03/07/16,323948,1152804,8,
MEXICALI,B.C.,(C),"RADIO PROMOTORA DE MEXICALI, S.A.",XEMMM,AM,940,1 -D  0.1 -N,04/07/04,03/07/16,323948,1152804,8,
MEXICALI,B.C.,(C),"STEREOREY MÉXICO, S.A.",XEMX,AM,1120,0.4 -D  0.1 -N,18/05/03,17/05/15,323948,1152804,8,
MEXICALI,B.C.,(C),"FORMULA RADIOFÓNICA, S.A. DE C.V.",XERM,AM,1150,1-D  0.06 -N,31/10/03,30/10/15,323948,1152804,8,
MEXICALI,B.C.,(C),"XESU, S.A.",XESU,AM,790,0.75 -D  0.025 -N,04/07/04,03/07/16,323948,1152804,8,
MEXICALI,B.C.,(C),"XEZF-AM, S.A.",XEZF,AM,850,0.25 -D  N.A. -N,04/07/04,03/07/16,323948,1152804,8,
PLAYAS DE ROSARITO,B.C.,(C),"W3 COMM CONCESIONARIA, S.A. DE C.V.",XEWW,AM,690,77 -D  50 -N,04/07/04,03/07/16,322032,1170322,14,
PUERTO NUEVO,B.C.,(C),"MEDIA SPORTS DE MÉXICO, S.A. DE C.V.",XESDD,AM,1030,5 -D  5 -N,16/11/03,15/11/15,321434,1165606,32,
PUERTO NUEVO,B.C.,(C),"MEDIA SPORTS DE MÉXICO, S.A. DE C.V.",XESS,AM,620,5 -D  5 -N,23/08/12,22/08/24,321434,1165606,32,
RANCHO DEL MAR,B.C.,(C),"INTERAMERICANA DE RADIO, S.A. DE C.V.",XEPRS,AM,1090,50 -D  50 -N,04/07/04,03/07/16,322411,1170506,47,
RANCHO VISTA HERMOSA,B.C.,(C),"RADIODIFUSORA, X.E.M.O., S.A. DE C.V.",XEMO,AM,860,10 -D  7.5 -N,04/07/04,03/07/16,323203,1170119,380,
ROSARITO,B.C.,(C),"TRANSMISORA REGIONAL RADIO FORMULA, S.A. DE C.V.",XEKAM,AM,950,20 -D  5 -N,04/07/04,03/07/16,302926,1152204,780,
SAN QUINTÍN,B.C.,(P),COMISIÓN NACIONAL PARA EL DESARROLLO DE LOS PUEBLOS INDÍGENAS,XEQIN,AM,1160,10 -D N.A. -N,19/08/92,N.D.,303337,1155633,28,
TIJUANA,B.C.,(C),"GRUPO RADIODIGITAL SIGLO XXI, S.A. DE C.V.",XEAZ,AM,1270,0.5 -D  0.5 -N,18/04/08,17/04/20,323205,1170237,31,
TIJUANA,B.C.,(C),"RADIO TIJUANA, S.A.",XEBG,AM,1550,1 -D  1 -N,04/07/04,03/07/16,323205,1170237,31,
TIJUANA,B.C.,(C),"GLORIA HERMINIA ENCISO POWER, GLORIA HERMINIA, MARICEL, JOSÉ ENRIQUE, MARCIA, CLAUDIA BEATRIZ Y LAURA ELENA, TODOS DE APELLIDOS JIMÉNEZ ENCISO",XEC,AM,1310,1 -D  1 -N,04/07/04,03/07/16,323205,1170237,31,
TIJUANA,B.C.,(C),"BROADCASTING BAJA CALIFORNIA, S.A. DE C.V.",XERCN,AM,1470,10 -D  5 -N,04/07/04,03/07/16,323205,1170237,31,
TIJUANA,B.C.,(C),"RADIO 80, S.A.",XESPN,AM,800,0.5 -D  0.25 -N,04/07/04,03/07/16,323205,1170237,31,
TIJUANA,B.C.,(C),"RADIO RYS, S.A. DE C.V.",XESURF,AM,540,0.1 -D  0.1 -N,13/05/06,12/05/18,323205,1170237,31,
TIJUANA,B.C.,(P),UNIVERSIDAD AUTÓNOMA DE BAJA CALIFORNIA,XEUT,AM,1630,10 -D 1 -N,09/10/10,08/10/22,323205,1170237,31,
TIJUANA,B.C.,(C),"OPERADORA DE RADIO Y TELEVISIÓN, S.A.",XEXX,AM,1420,10 -D  2 -N,12/10/10,11/10/20,323205,1170237,31,
BAHÍA ASUNCIÓN,B.C.S.,(C),BERTHA JOSEFA CESARIA COTA AGUILAR,XEBAC,AM,1100,1 -D  N.A. -N,08/05/05,07/05/17,270825,1141745,8,
LA PAZ,B.C.S.,(P),GOBIERNO DEL ESTADO DE BAJA CALIFORNIA SUR,XEBCS,AM,1050,10 -D  N.A. -N,01/12/83,N.D.,240832,1101839,27,
LA PAZ,B.C.S.,(C),RAÚL ARECHIGA ESPINOZA,XEHZ,AM,990,1 -D  0.25 -N,04/07/04,03/07/16,240832,1101839,27,
LA PAZ,B.C.S.,(C),"FORMULA RADIOFÓNICA, S.A. DE C.V.",XENT,AM,790,10 -D  0.75 -N,04/07/04,03/07/16,240832,1101839,27,
LA PAZ,B.C.S.,(P)*,UNIVERSIDAD AUTÓNOMA DE BAJA CALIFORNIA SUR,XEUBS,AM,1180,10 -D  N.A. -N,11/02/84,N.D.,240832,1101839,27,
LORETO,B.C.S.,(C),ROBERTO LORETO COTA ARAIZA,XELBC,AM,730,10 -D  N.A. -N,08/05/05,07/05/17,260046,1112036,3,
PUNTA ABREOJOS,B.C.S.,(C),DAVID MEZA CARLÓN,XEPAS,AM,1200,1 -D  N.A. -N,27/02/06,26/02/18,264252,1133426,1,
SAN JOSÉ DEL CABO,B.C.S.,(C),RAÚL ANTONIO ARECHIGA ESPINOZA,XESJC,AM,660,2.5 -D  0.25 -N,08/05/05,07/05/17,230341,1094229,45,
SANTA ROSALÍA,B.C.S.,(C),ANTONIO RIGOBERTO ESPINOZA PEDRÍN,XERLA,AM,940,10 -D  1 -N,26/02/06,25/02/18,272020,1121601,18,
BECAL,CAMP.,(P),"CADENA CULTURAL BECALEÑA, A.C.",XEBAL,AM,1470,2.5 -D  0.5 -N,30/06/05,R,183045,892748,270,Coordenadas
CD. DEL CARMEN,CAMP.,(C),ARACELY DEL CARMEN ESCALANTE JASSO,XEBCC,AM,1030,1 -D  0.25 -N,12/07/10,11/07/20,183818,915007,10,
CD. DEL CARMEN,CAMP.,(C),"RADIO CARMEN, S. DE R.L.",XEIT,AM,1070,1 -D  0.25 -N,04/07/04,03/07/16,183818,915007,10,
CD. DEL CARMEN,CAMP.,(C),"XEMAB-AM, S.A. DE C.V.",XEMAB,AM,950,3 -D  0.9-N,02/03/03,01/03/15,183818,915007,10,
SAN ANTONIO,CAMP.,(P),COMISIÓN NACIONAL PARA EL DESARROLLO DE LOS PUEBLOS INDÍGENAS,XEXPUJ,AM,700,5 -D  N.A. -N,06/09/01,R,201951,900359,20,
SAN FRANCISCO DE CAMPECHE,CAMP.,(C),"RADIO CAMPECHE, S.A. DE C.V.",XECAM,AM,1280,2.5 -D  0.35 -N,04/07/04,03/07/16,195045,903212,3,
SAN FRANCISCO DE CAMPECHE,CAMP.,(P),UNIVERSIDAD AUTÓNOMA DE CAMPECHE,XECUA,AM,1410,1 -D  0.25 -N,11/02/91,N.D.,195045,903212,3,
TENABO,CAMP.,(P),GOBIERNO DEL ESTADO DE CAMPECHE,XETEB,AM,920,1 -D  0.5 -N,14/04/04,R,200223,901331,9,
ARTEAGA,COAH.,(C),"ADMINISTRADORA ARCÁNGEL, S.A. DE C.V.",XEDE,AM,720,8 -D  0.25 -N,04/07/04,03/07/16,252643,1005048,1680,
CD. ACUÑA,COAH.,(C),"NOVA TELERADIO, S.A. DE C.V.",XEDH,AM,1340,1 -D  0.1 -N,03/07/04,02/07/16,291927,1005554,271,
CD. ACUÑA,COAH.,(C),INSTITUTO MEXICANO DE LA RADIO,XERF,AM,1570,100 -D 100 -N,27/11/87,26/11/17,291927,1005554,271,
CD. FRONTERA,COAH.,(C),"RADIO ESTELAR  920, S.A. DE C.V.",XEGIK,AM,560,1.4 -D  0.25 -N,03/07/04,02/07/16,254143,1025634,1100,
MONCLOVA,COAH.,(P),"PATRONATO CULTURAL MONCLOVA, A.C.",XEPU,AM,1110,0.25 -D  N.A. -N,16/08/82,N.D.,265403,1012500,609,
MONCLOVA,COAH.,(C),"RADIO XEMF, S.A. DE C.V.",XEWGR,AM,780,10 -D  0.25 -N,20/08/07,19/08/19,265403,1012500,609,
SALTILLO,COAH.,(P),UNIVERSIDAD AUTÓNOMA AGRARIA ANTONIO NARRO,XESAL,AM,1220,4.5 -D  N.A,16/06/05,R,252600,1010000,1560,
TORREÓN,COAH.,(C),"VOLER, S.A. DE C.V.",XELZ,AM,710,1 -D  0.25 -N,03/05/04,02/05/16,253240,1032630,1120,
TORREÓN,COAH.,(C),CADENA REGIONAL RADIO FÓRMULA S.A. DE C.V.,XEQN,AM,740,10 -D 1 -N,04/10/03,03/10/15,253240,1032630,1120,
COLIMA,COL.,(C),"RADIO COLIMA, S.A.",XEUU,AM,1080,1 -D  0.13 -N,26/10/04,25/10/16,191437,1034351,484,
MANZANILLO,COL.,(C),SILVIA EVANGELINA GODOY CÁRDENAS,XEAL,AM,860,5 -D  0.1 -N,04/07/04,03/07/16,190308,1041857,11,
TECOMÁN,COL.,(C),"XETY-AM, S.A. DE C.V.",XETY,AM,1390,10 -D  2.5 -N,04/07/04,03/07/16,185432,1035229,25,
COMITÁN DE DOMÍNGUEZ,CHIS.,(P),INSTITUTO MEXICANO DE LA RADIO,XEMIT,AM,540,5 -D 1 -N,14/04/11,13/04/23,161504,920803,1634,
COPAINALA,CHIS.,(P),COMISIÓN NACIONAL PARA EL DESARROLLO DE LOS PUEBLOS INDÍGENAS,XECOPA,AM,1210,5 -D  N.A. -N,04/11/01,R,170537,931238,452,
EL SACRIFICIO,CHIS.,(C),"RADIO MIL DE CHIAPAS, S.A. DE C.V.",XETAC,AM,1000,10 -D 1 -N,12/09/10,11/09/20,174228,920608,27,
LAS MARGARITAS,CHIS.,(P),COMISIÓN NACIONAL PARA EL DESARROLLO DE LOS PUEBLOS INDÍGENAS,XEVFS,AM,1030,10 -D  N.A. ,07/02/84,N.D.,163457,925228,412,
OCOSINGO,CHIS.,(P),GOBIERNO DEL ESTADO DE CHIAPAS,XEOCH,AM,600,10 -D  0.5 -N,19/10/99,N.D.,165426,920546,888,
PALENQUE,CHIS.,(P),GOBIERNO DEL ESTADO DE CHIAPAS,XEPLE,AM,1040,5 -D  0.5 -N,19/10/99,N.D.,173033,915856,60,
SAN CRISTÓBAL DE LAS CASAS,CHIS.,(P),GOBIERNO DEL ESTADO DE CHIAPAS,XERA,AM,760,5 -D  0.5 -N,19/10/99,N.D.,164412,923818,2119,
TECPATAN,CHIS.,(P),GOBIERNO DEL ESTADO DE CHIAPAS,XETEC,AM,1140,1 -D  0.5 -N,26/04/99,N.D.,170810,931840,311,
TUXTLA GUTIERREZ,CHIS.,(C),"XETG, LA GRANDE DEL SURESTE, S.A. DE C.V.",XETG,AM,990,20 -D 1 -N,06/03/03,05/03/15,164511,930656,522,
CD. CUAUHTÉMOC,CHIH.,(C),"ELISA SALINAS ENRÍQUEZ, CESAR ANÍBAL MORENO SALINAS, FRANCO ULISES MORENO SALINAS Y BETZABE MORENO SALINAS",XEPL,AM,550,1 -D  0.15 -N,24/07/05,23/07/17,282418,1065200,2063,Coordenadas
CD. JUÁREZ,CHIH.,(C),"RADIO JUARENSE, S.A. DE C.V.",XECJC,AM,1490,1 -D  0.8 -N,10/02/02,09/02/14,314422,1062913,1137,
CD. JUÁREZ,CHIH.,(C),JOSÉ LUIS BOONE MENCHACA,XEF,AM,1420,5 -D  0.5 -N,04/07/04,03/07/16,314422,1062913,1137,
CD. JUÁREZ,CHIH.,(C),"CONSORCIO TELE RADIAL DEL NORTE, S.A. DE C.V.",XEFV,AM,1000,1 -D  N.A. -N,03/07/04,02/07/16,314422,1062913,1137,
CD. JUÁREZ,CHIH.,(C),"RADIOFÓNICA DEL NORTE, S.A.",XEJ,AM,970,10 -D  5 -N,04/07/04,03/07/16,314422,1062913,1137,
CD. JUÁREZ,CHIH.,(C),"GRUPO IMPULSOR DE MEDIOS, S.A. DE C.V.",XEJCC,AM,720,10 -D  N.A,27/11/04,26/11/16,314422,1062913,1137,
CD. JUÁREZ,CHIH.,(C),"RADIO VIDEO DE LA FRONTERA, S.A. DE C.V.",XEJPV,AM,1560,1 -D  N.A. -N,04/07/04,03/07/16,314422,1062913,1137,
CD. JUÁREZ,CHIH.,(C),"RADIO TRIUNFOS, S.A. DE C.V.",XEJUA,AM,640,5 -D  N.A. -N,22/06/07,21/06/19,314422,1062913,1137,
CD. JUÁREZ,CHIH.,(C),"FANTÁSTICO RADIO TRECE, S.A.",XEP,AM,1300,38 -D  0.2 -N,04/07/04,03/07/16,314422,1062913,1137,
CD. JUÁREZ,CHIH.,(C),"RADIORAMA DE JUÁREZ, S.A.",XEPZ,AM,1190,5 -D  0.1 -N,04/07/04,03/07/16,314422,1062913,1137,
CD. JUÁREZ,CHIH.,(C),"EMISIONES RADIOFÓNICAS, S.A. DE C.V.",XEROK,AM,800,50 -D  50 -N,04/07/04,03/07/16,314422,1062913,1137,
CD. JUÁREZ,CHIH.,(C),"EMISIONES RADIOFÓNICAS, S.A. DE C.V.",XEWG,AM,1240,1 -D 1 -N,04/07/04,03/07/16,314422,1062913,1137,
CD. JUÁREZ,CHIH.,(C),"RADIO INTERNACIONAL DE MÉXICO, S.A.",XEWR,AM,1110,0.5 -D  N.A. ,04/07/04,03/07/16,314422,1062913,1137,
CD. JUÁREZ,CHIH.,(C),"FORMULA RADIOFÓNICA, S.A. DE C.V.",XEYC,AM,1460,1 -D 1 -N,26/02/09,25/02/21,314422,1062913,1137,
CD. JUÁREZ,CHIH.,(C),"SIRTSA SISTEMA DE RADIO Y TELEVISIÓN, S.A. DE C.V.",XEZOL,AM,860,1 -D  0.5 -N,08/01/01,R,314422,1062913,1137,
CD. MADERA,CHIH.,(C),"RADIO CIUDAD MADERA, S.A.",XESW,AM,970,5 -D  N.A. -N,04/07/04,03/07/16,291124,1080829,2100,
CHIHUAHUA,CHIH.,(C),"IMPULSORA DE RADIO DE CHIHUAHUA, S.A.",XEFA,AM,950,1 -D  0.5 -N,27/04/10,26/04/20,283807,1060520,1433,
CHIHUAHUA,CHIH.,(C),"EL VOCERO DEL NORTE, S.A.",XEFI,AM,580,5 -D  0.7 -N,04/07/04,03/07/16,283807,1060520,1433,
CHIHUAHUA,CHIH.,(P),UNIVERSIDAD AUTÓNOMA DE CHIHUAHUA,XERU,AM,1310,1 -D  0.25 -N,15/11/10,14/11/22,283807,1060520,1433,
GUACHOCHI,CHIH.,(P),COMISIÓN NACIONAL PARA EL DESARROLLO DE LOS PUEBLOS INDÍGENAS,XETAR,AM,870,10 -D  N.A,16/11/89,N.D.,264910,1070412,2398,
CHIHUAHUA,CHIH.,(C),"DIFUSORAS DE CHIHUAHUA, S.A.",XEDI,AM,1360,1 -D  0.180 -N,28/07/13,27/07/25,283807,1060520,1433,
NUEVO CASAS GRANDES,CHIH.,(C),"RADIO CASAS GRANDES, S.A.",XETX,AM,540,3.9 -D  0.7 -N,24/11/08,23/11/18,302448,1075445,1457,
RANCHO PRIMERO,CHIH.,(C),ARNOLDO RODRÍGUEZ ZERMEÑO,XEHB,AM,730,50 -D  1 -N,03/07/04,02/07/16,265542,1054517,1817,
CD. DE MÉXICO,D.F.,(C),"LA B GRANDE, S.A.",XEAI,AM,1470,50 -D  5 -N,04/07/04,03/07/16,192600,998000,2500,coords. Wiki
CD. DE MÉXICO,D.F.,(C),INSTITUTO MEXICANO DE LA RADIO,XEB,AM,1220,100 -D      100 -N,03/07/04,02/07/16,192600,998000,2500,coods. Wiki
CD. DE MÉXICO,D.F.,(C),"HISPANO MEXICANO, S.A. DE C.V.",XEBS,AM,1410,25 -D  10 -N,04/07/04,03/07/16,192600,998000,2500,coords. Wiki
CD. DE MÉXICO,D.F.,(C),"PUBLICIDAD COMERCIAL DE MÉXICO, S.A. DE C.V.",XECO,AM,1380,50 -D  5 -N,04/07/04,03/07/16,192600,998000,2500,coords. Wiki
CD. DE MÉXICO,D.F.,(C),CARLOS DE JESÚS QUIÑONES ARMENDÁRIZ,XEDA,AM,1290,10 -D  1 -N,03/07/04,02/07/16,192600,998000,2500,coords. Wiki
CD. DE MÉXICO,D.F.,(C),"RADIO ORO, S.A.",XEDF,AM,1500,50 -D  N.A. ,04/07/04,03/07/16,192600,998000,2500,coords. Wiki
CD. DE MÉXICO,D.F.,(C),INSTITUTO MEXICANO DE LA RADIO,XEDTL,AM,660,50 -D  1 -N,04/07/04,03/07/16,192600,998000,2500,coords. Wiki
CD. DE MÉXICO,D.F.,(P),SECRETARIA DE EDUCACIÓN PUBLICA,XEEP,AM,1060,100 -D  20 -N,24/04/71,N.D.,192600,998000,2500,coords. Wiki
CD. DE MÉXICO,D.F.,(C),"XEEST, S.A. DE C.V.",XEEST,AM,1440,25 -D  1 -N,04/07/04,03/07/16,192600,998000,2500,coords. Wiki
CD. DE MÉXICO,D.F.,(C),"RADIO INTEGRAL, S.A. DE C.V.",XEFR,AM,1180,10 -D  5 -N,04/07/04,03/07/16,192600,998000,2500,coords. Wiki
CD. DE MÉXICO,D.F.,(C),"RADIODIFUSORAS CAPITAL,  S.A. DE C.V.",XEITE,AM,830,25 -D  5 -N,04/07/04,03/07/16,192600,998000,2500,coords. Wiki
CD. DE MÉXICO,D.F.,(C),"EMISORA 1150, S.A. DE C.V.",XEJP,AM,1150,50 -D  10 -N,04/07/04,03/07/16,192600,998000,2500,coords. Wiki
CD. DE MÉXICO,D.F.,(C),INSTITUTO MEXICANO DE LA RADIO,XEMP,AM,710,10 -D  1 -N,04/07/04,03/07/16,192600,998000,2500,coords. Wiki
CD. DE MÉXICO,D.F.,(C),"RADIO SISTEMA MEXICANO, S.A.",XEN,AM,690,100 -D  5 -N,03/07/04,02/07/16,192600,998000,2500,coords. Wiki
CD. DE MÉXICO,D.F.,(C),"EMISORA 1320, S.A. DE C.V.",XENET,AM,1320,20 -D  20 -N,04/07/04,03/07/16,192600,998000,2500,coords. Wiki
CD. DE MÉXICO,D.F.,(C),"ESTÉREO SISTEMA, S.A.",XEOC,AM,560,1.5 -D  0.5 -N,04/07/04,03/07/16,192600,998000,2500,coords. Wiki
CD. DE MÉXICO,D.F.,(C),"FOMENTO DE RADIO, S.A. DE C.V.",XEOY,AM,1000,50 -D  20 -N,04/07/04,03/07/16,192600,998000,2500,coords. Wiki
CD. DE MÉXICO,D.F.,(C),"COMPAÑÍA MEXICANA DE RADIODIFUSIÓN, S.A. DE C.V.",XEPH,AM,590,25 -D  10 -N,03/07/04,02/07/16,192600,998000,2500,coords. Wiki
CD. DE MÉXICO,D.F.,(C),"CADENA RADIODIFUSORA MEXICANA, S.A. DE C.V.",XEQ,AM,940,30 -D  50 -N,03/07/04,02/07/16,192600,998000,2500,coords. Wiki
CD. DE MÉXICO,D.F.,(C),"HORA EXACTA, S.A.",XEQK,AM,1350,5 -D  1 -N,04/07/04,03/07/16,192600,998000,2500,coords. Wiki
CD. DE MÉXICO,D.F.,(C),"XEQR, S.A. DE C.V.",XEQR,AM,1030,50 -D  5 -N,03/07/04,02/07/16,192600,998000,2500,coords. Wiki
CD. DE MÉXICO,D.F.,(C),"XERC, S.A. DE C.V.",XERC,AM,790,50 -D  1 -N,04/07/04,03/07/16,192600,998000,2500,coords. Wiki
CD. DE MÉXICO,D.F.,(C),"RADIO UNO, S.A.",XERFR,AM,970,50 -D  4 -N,04/07/04,03/07/16,192600,998000,2500,coords. Wiki
CD. DE MÉXICO,D.F.,(P),UNIVERSIDAD NACIONAL AUTÓNOMA DE MÉXICO,XEUN,AM,860,45 -D  10 -N,18/09/43,N.D.,192600,998000,2500,coords. Wiki
CD. DE MÉXICO,D.F.,(C),"RADIO UNIÓN TEXCOCO, S.A. DE C.V.",XEUR,AM,1530,50 -D  1 -N,04/07/04,03/07/16,192600,998000,2500,coords. Wiki
CD. DE MÉXICO,D.F.,(C),"CADENA RADIODIFUSORA MEXICANA, S.A. DE C.V.",XEW,AM,900,250 -D      250 -N,04/07/04,03/07/16,192600,998000,2500,coords. Wiki
CD. DE MÉXICO,D.F.,(C),"CADENA RADIODIFUSORA MEXICANA, S.A. DE C.V.",XEX,AM,730,  60 -D          100 -N,04/07/04,03/07/16,192600,998000,2500,coords. Wiki
CD. DE MÉXICO,D.F.,(P)*,ARNOLDO RODRÍGUEZ ZERMEÑO,XEARZ,AM,1650,5 -D  5 -N,30/11/11,29/11/23,192600,998000,2500,coords. Wiki
DURANGO,DGO.,(C),"RADIO DURANGO, S.A.",XEDGO,AM,760,5 -D  0.5 -N,04/07/04,03/07/16,240122,1043916,1885,
DURANGO,DGO.,(C),"RADIO Y TELEVISIÓN DE DURANGO, S.A. DE C.V.",XERPU,AM,1370,1 -D  0.25 -N,27/11/04,26/11/16,240122,1043916,1885,
GÓMEZ PALACIO,DGO.,(C),"PROMOTORA RADIOFÓNICA DE LA LAGUNA, S.A. DE C.V.",XERCA,AM,920,5 -D  0.2 -N,03/04/10,02/04/20,253340,1032954,1138,
GÓMEZ PALACIO,DGO.,(C),"PROMOTORA RADIOFÓNICA DE LA LAGUNA, S.A. DE C.V.",XETB,AM,1350,5 -D  0.5 -N,15/04/10,14/04/20,253340,1032954,1138,
GÓMEZ PALACIO,DGO.,(C),"PROMOTORA RADIOFÓNICA DE LA LAGUNA, S.A. DE C.V.",XEWN,AM,1270,0.5 -D  0.15 -N,04/07/04,03/07/16,253340,1032954,1138,
MESA SAN ANTONIO,DGO.,(C),RICARDO LEÓN GARZA LIMÓN,XESRD,AM,560,10 -D  1 -N,21/08/13,20/08/25,231254,1041355,2292,
SAN FELIPE,DGO.,(C),"CADENA REGIONAL RADIO FORMULA, S.A. DE C.V.",XEE,AM,590,1 -D 1 -N,04/07/04,03/07/16,254134,1032257,1117,
SANTA MARÍA OCOTAN,DGO.,(P)*,COMISIÓN NACIONAL PARA EL DESARROLLO DE LOS PUEBLOS INDÍGENAS,XETPH,AM,960,5.0 -D  5.0 -N,01/11/11,31/10/23,225500,1043558,2001,
ACÁMBARO,GTO.,(C),"ORGANIZACIÓN RADIOFÓNICA DE ACÁMBARO, S.A. DE C.V.",XEAK,AM,890,5 -D  0.5 -N,04/06/10,03/06/20,200157,1004317,1880,
ARPEROS,GTO.,(C),"XEGTO, S.A.",XEGTO,AM,590,10 -D  0.25 -N,22/07/07,21/07/19,210607,1012354,1969,
ARROYO SECO,GTO.,(C),"GRUPO RADIODIGITAL SIGLO XXI, S.A. DE C.V.",XEXV,AM,1300,10 -D  0.75 -N,12/05/02,11/05/14,210518,1001027,1740,
CELAYA,GTO.,(C),"RADIO XHOZ-FM, S.A. DE C.V.",XEZN,AM,780,5 -D  N.A. -N,07/03/09,06/03/21,203144,1004854,1760,
GUANAJUATO,GTO.,(C),"RADIO SANTA FE DE GUANAJUATO, S.A.",XEFL,AM,1500,5 -D  N.A. -N,21/09/01,R,210104,1011524,2045,
GUANAJUATO,GTO.,(P),UNIVERSIDAD DE GUANAJUATO,XEUG,AM,970,1 -D  1 -N,06/07/12,05/07/24,210104,1011524,2045,
LEÓN,GTO.,(C),"RADIO PROMOTORA LEONESA, S.A. DE C.V.",XERPL,AM,1270,10 -D  0.15 -N,22/03/03,21/03/15,210315,1013638,1814,
OJO SECO,GTO.,(C),"RADIO INTEGRAL, S.A. DE C.V.",XERE,AM,920,5 -D  1 -N,04/07/04,03/07/16,202308,1004749,1818,
PLAN DE SOTELO,GTO.,(C),"JACED, S.A. DE C.V.",XESD,AM,1530,10 -D  0.1 -N,04/07/04,03/07/16,210118,1013014,1814,
RANCHO GODOY,GTO.,(C),"XESAG-AM,  S.A. DE C.V.",XESAG,AM,1040,5 -D  0.025 -N,30/11/04,29/11/16,204751,1013833,1748,
SALAMANCA,GTO.,(C),MARCO ANTONIO HÉCTOR CONTRERAS SANTOSCOY,XEEMM,AM,810,1 -D  0.5 -N,09/11/10,08/11/20,203413,1011150,1711,
SALAMANCA,GTO.,(C),"TELEVISORA DE IRAPUATO, S.A.",XEMAS,AM,1560,1 -D  0.25 -N,02/03/08,01/03/18,203413,1011150,1711,
SALAMANCA,GTO.,(C),"FOMENTO RADIOFÓNICO DEL BAJÍO, S.A.",XEZH,AM,1260,1 -D  0.25 -N,04/07/04,03/07/16,203413,1011150,1711,
ACAPULCO,GRO.,(C),"TRANSMISORA REGIONAL RADIO FORMULA, S.A. DE C.V.",XEAGR,AM,810,7 -D  0.6 -N,25/01/09,24/01/21,165142,995311,20,
ACAPULCO,GRO.,(C),"RADIO XEAGS, S.A. DE C.V.",XEAGS,AM,1070,1 -D  0.2 -N,24/11/07,23/11/19,165142,995311,20,
ACAPULCO,GRO.,(C),"RADIO INTEGRAL, S.A. DE C.V.",XEBB,AM,600,5 -D 1 -N,04/07/04,03/07/16,165142,995311,20,
ACAPULCO,GRO.,(P),GOBIERNO DEL ESTADO DE GUERRERO,XEGRA,AM,1460,1 -D  N.A. -N,14/11/00,R,165142,995311,20,
ACAPULCO,GRO.,(C),"RADIO PARAÍSO, S.A. DE C.V.",XEMAR,AM,710,1 -D  1 -N,03/07/04,02/07/16,165142,995311,20,
ARCELIA,GRO.,(C),SUCN. DE RAFAEL GARCÍA VERGARA,XERY,AM,1450,2 -D  1 -N,25/11/01,R,181916,1001654,397,
CD. ALTAMIRANO,GRO.,(C),SUCN. DE RAFAEL GARCÍA VERGARA,XEXY,AM,780,2.5 -D  1 -N,04/07/04,03/07/16,182117,1003958,241,
CHILPANCINGO,GRO.,(C),"XECHG-AM, S.A. DE C.V.",XECHG,AM,680,5 -D  2.5 -N,26/04/06,25/04/18,173300,993004,1253,
CHILPANCINGO,GRO.,(P),GOBIERNO DEL ESTADO DE GUERRERO,XEGRO,AM,870,1 -D  N.A. -N,14/11/00,R,173300,993004,1253,
CHILPANCINGO,GRO.,(C),"VOZ DEL SUR, S.A.",XELI,AM,1580,1 -D  0.25 -N,04/07/04,03/07/16,173300,993004,1253,
COYUCA DE CATALÁN,GRO.,(P),GOBIERNO DEL ESTADO DE GUERRERO,XEGRC,AM,820,1 -D  N.A. -N,14/11/00,R,170042,1000501,38,
OMETEPEC,GRO.,(P),GOBIERNO DEL ESTADO DE GUERRERO,XEGRM,AM,1100,1 -D  N.A. -N,14/11/00,R,164129,982454,348,
SAN JERONIMITO,GRO.,(C),ARMANDO PUENTE CÓRDOVA,XEJR,AM,630,5 -D  2.5 -N,04/07/04,03/07/16,173355,1012042,29,
TAXCO,GRO.,(P),GOBIERNO DEL ESTADO DE GUERRERO,XEGRT,AM,1310,1 -D  N.A. -N,14/11/00,R,183323,993641,1931,
TLAPA DE COMONFORT,GRO.,(P),COMISIÓN NACIONAL PARA EL DESARROLLO DE LOS PUEBLOS INDÍGENAS,XEZV,AM,800,5 -D  N.A. -N,13/03/80,N.D.,173236,983443,1080,
TLAPA DE COMONFORT,GRO.,(P)*,GOBIERNO DEL ESTADO DE GUERRERO,XETPA,AM,1600,1 -D  N.A. -N,14/11/00,R,173236,983443,1080,
ZUMPANGO DEL RIO,GRO.,(C),"RADIODIFUSORAS CAPITAL, S.A. DE C.V.",XECHH,AM,650,5 -D  0.25 -N,07/10/08,06/10/20,181536,1000920,946,
CARDONAL,HGO.,(P),COMISIÓN NACIONAL PARA EL DESARROLLO DE LOS PUEBLOS INDÍGENAS,XECARH,AM,1480,5 -D  N.A. -N,16/03/10,15/03/22,203645,990700,2042,
HUEJUTLA DE REYES,HGO.,(P),GOBIERNO DEL ESTADO DE HIDALGO,XEHGO,AM,1010,1 -D  N.A. -N,30/11/10,29/11/22,210824,982510,137,
HUICHAPAN,HGO.,(P),GOBIERNO DEL ESTADO DE HIDALGO,XEHUI,AM,1510,0.25 -D N.A. ,29/11/10,28/11/22,202231,993902,2100,
IXMIQUILPAN,HGO.,(P),GOBIERNO DEL ESTADO DE HIDALGO,XEZG,AM,1390,0.5 -D  N.A. -N,29/11/10,28/11/22,202903,991308,1680,
JACALA DE LEDEZMA,HGO.,(P),GOBIERNO DEL ESTADO DE HIDALGO,XEAWL,AM,1300,1 -D  N.A. -N,29/11/10,28/11/22,210026,991123,1344,
PACHUCA,HGO.,(C),"RED CENTRAL RADIOFÓNICA, S.A. DE C.V.",XERD,AM,1240,1 -D  1 -N,05/10/05,04/10/17,200718,984409,2382,
SAN BARTOLO TUTOTEPEC,HGO.,(P),GOBIERNO DEL ESTADO DE HIDALGO,XEPEC,AM,1140,1 -D  N.A. -N,29/11/10,28/11/22,202356,981207,1027,
SINGUILUCAN,HGO.,(C),"XENQ RADIO TULANCINGO, S.A. DE C.V.",XENQ,AM,640,50 -D  25 -N,04/07/04,03/07/16,195803,983102,2634,
TLANCHINOL,HGO.,(P),GOBIERNO DEL ESTADO DE HIDALGO,XEIND,AM,1470,1 -D  N.A. -N,29/11/10,28/11/22,205916,983936,1544,
AUTLÁN DE NAVARRO,JAL.,(C),"XELD RADIO AUTLÁN, S.A. DE C.V.",XELD,AM,780,5 -D  0.5 -N,04/07/04,03/07/16,195125,1042034,1841,
BELISARIO DOMÍNGUEZ,JAL.,(C),"RADIO TAPATÍA, S.A. DE C.V.",XEBA,AM,820,10 -D  1 -N,15/05/08,14/05/18,204035,1032032,1536,colonia guadalajara
CD. GUZMÁN,JAL.,(C),"RADIO ARMONÍA, S.A. DE C.V.",XEBC,AM,990,1 -D  0.1 -N,03/12/08,02/12/20,194231,1032751,1519,
CD. GUZMÁN,JAL.,(C),"EMISORAS DE ZAPOTLÁN, S.A. DE C.V.",XEMEX,AM,950,5 -D  0.5 -N,04/12/00,R,194231,1032751,1519,
CIHUATLAN,JAL.,(C),"XEGUZ, S.A. DE C.V.",XEMZA,AM,560,10 -D  1 -N,14/09/09,13/09/19,191418,1043347,29,
GUADALAJARA,JAL.,(C),"FORMULA RADIOFÓNICA, S.A. DE C.V.",XEBON,AM,1280,0.5 -D  0.25 -N,15/05/08,14/05/18,204035,1032032,1536,
GUADALAJARA,JAL.,(C),"RADIO XEDK, S.A. DE C.V.",XEDK,AM,1250,10 -D  1 -N,04/07/04,03/07/16,204035,1032032,1536,
GUADALAJARA,JAL.,(C),"FORMULA RADIOFÓNICA, S.A. DE C.V.",XEDKN,AM,1230,1 -D  0.25 -N,05/07/03,04/07/15,204035,1032032,1536,
GUADALAJARA,JAL.,(C),"XEDKT- AM, S.A. DE C.V.",XEDKT,AM,1340,5 -D  1 -N,03/07/04,02/07/16,204035,1032032,1536,
GUADALAJARA,JAL.,(C),"CADENA REGIONAL RADIO FORMULA, S.A. DE C.V.",XEGAJ,AM,790,0.25 -D  0.25 -N,01/04/07,31/03/19,204035,1032032,1536,
GUADALAJARA,JAL.,(C),RUBÉN HERNÁNDEZ CAMPOS,XEGDL,AM,730,5 -D  1 -N,28/10/04,27/10/16,204035,1032032,1536,
GUADALAJARA,JAL.,(P),GOBIERNO DEL ESTADO DE JALISCO,XEJB,AM,630,10 -D  0.5 -N,08/09/04,R,204035,1032032,1536,
GUADALAJARA,JAL.,(C),"GRUPO RADIODIGITAL SIGLO XXI, S.A. DE C.V.",XEKB,AM,1410,25 -D  10 -N,04/07/04,03/07/16,204035,1032032,1536,
GUADALAJARA,JAL.,(C),"ORGANIZACIÓN PRAM, S.A. DE C.V.",XEUNO,AM,1120,0.5 -D  0.5 -N,04/07/04,03/07/16,204035,1032032,1536,
HUENTITAN EL BAJO,JAL.,(C),"RADIO TAPATÍA, S.A. DE C.V.",XELT,AM,920,10 -D  1 -N,22/01/09,21/01/19,202054,1034015,1357,atotonilco?
HUENTITAN EL BAJO,JAL.,(C),"XEZZ, S.A. DE C.V.",XEZZ,AM,760,5 -D  1 -N,17/01/03,16/01/15,202054,1034015,1357,atotonilco?
PUERTO VALLARTA,JAL.,(C),"OPERADORA DE MEDIOS DEL PACIFICO, S.A. DE C.V.",XEEJ,AM,650,10 -D 10 -N,03/07/04,02/07/16,203649,1051338,101,
PUERTO VALLARTA,JAL.,(P),GOBIERNO DEL ESTADO DE JALISCO,XEJLV,AM,1080,5 -D  N.A. -N,30/07/04,R,203649,1051338,101,
PUERTO VALLARTA,JAL.,(C),"XEPVJ-AM, S.A. DE C.V.",XEPVJ,AM,1110,1  -D  0.02  -N,24/02/08,23/02/20,203649,1051338,101,
PUERTO VALLARTA,JAL.,(C),"RADIO VALLARTA, S.A. DE C.V.",XEVAY,AM,740,1 -D  1 -N,29/12/13,28/12/25,203649,1051338,101,
SAN JUAN DE OCOTAN,JAL.,(C),"RADIO MELODÍA, S.A. DE C.V.",XEHL,AM,1010,50 -D 50 -N,04/07/04,03/07/16,205251,1033642,1218,
SAN MIGUEL,JAL.,(C),"FRECUENCIA RADIOFÓNICA DE OCCIDENTE, S.A. DE C.V.",XEHK,AM,960,10 -D  2.5 -N,04/07/04,03/07/16,210150,1022353,1849,
SAN MIGUEL,JAL.,(C),XEZJ-AM S.A. DE C.V.,XEZJ,AM,1480,20 -D  1 -N,04/07/04,03/07/16,210150,1022353,1849,
SAN PEDRO TLAQUEPAQUE,JAL.,(C),"MÉXICO RADIO, S.A. DE C.V.",XEABCJ,AM,1440,10 -D  1 -N,26/11/10,25/11/20,203819,1031826,1569,
SAN PEDRO TLAQUEPAQUE,JAL.,(C),"XEAV, S.A. DE C.V.",XEAV,AM,580,10 -D  1 -N,04/07/04,03/07/16,203819,1031826,1569,
SAN PEDRO TLAQUEPAQUE,JAL.,(C),"RADIO INTEGRAL, S.A. DE C.V.",XEMIA,AM,850,3 -D  1 -N,04/07/04,03/07/16,203819,1031826,1569,
SAN PEDRO TLAQUEPAQUE,JAL.,(C),"RADIO INTEGRAL, S.A. DE C.V.",XEPJ,AM,1370,10 -D  1 -N,04/07/04,03/07/16,203819,1031826,1569,
SAN PEDRO TLAQUEPAQUE,JAL.,(C),"RADIO IMPULSORA DE OCCIDENTE, S.A. DE C.V.",XESP,AM,1070,10 -D  1 -N,08/01/10,07/01/22,203819,1031826,1569,
SANTA ANA TEPETITLAN,JAL.,(C),"RADIO INFORMA, S.A. DE C.V.",XEAAA,AM,880,20 -D  1 -N,03/07/04,02/07/16,204314,1032318,1575,
SANTA ANA TEPETITLAN,JAL.,(C),"SOCIEDAD DE MEDIOS, S.A. DE C.V.",XEBBB,AM,1040,10 -D  1 -N,25/02/02,24/02/14,204314,1032318,1575,
TAMAZULA DE GORDIANO,JAL.,(C),"RADIO SISTEMA DEL SUR, S.A. DE C.V.",XEXXX,AM,840,5 -D  1 -N,03/07/04,02/07/16,194035,1031500,1117,
TONALÁ,JAL.,(C),"XEAD-AM, S.A. DE C.V.",XEAD,AM,1150,50 -D  1 -N,04/07/04,03/07/16,203724,1031444,1653,
TONALÁ,JAL.,(C),"XEDKR-AM, S.A. DE C.V.",XEDKR,AM,700,10 -D  0.15 -N,19/10/03,18/10/15,203724,1031444,1653,
TONALÁ,JAL.,(C),"XETIA-AM, S.A. DE C.V.",XETIA,AM,1310,10 -D  1 -N,10/03/10,09/03/20,203724,1031444,1653,
ZAPOPAN,JAL.,(C),"CADENA RADIODIFUSORA MEXICANA, S.A. DE C.V.",XEWK,AM,1190,50 -D  10 -N,04/07/04,03/07/16,204314,1032318,1575,
CACALOMACAN,MEX.,(C),"RADIODIFUSORAS CAPITAL,  S.A. DE C.V.",XECH,AM,1040,5 -D  0.75 -N,16/09/03,15/09/15,191510,994217,2767,
CACALOMACAN,MEX.,(C),"RADIO TOLUCA, S.A. DE C.V.",XEQY,AM,1200,2.5 -D  2.5-N,04/07/04,03/07/16,191510,994217,2767,
CHAPINGO,MEX.,(P),UNIVERSIDAD AUTÓNOMA  CHAPINGO,XEUACH,AM,1610,5 -D  5 -N,25/04/09,R,193020,985255,2247,
HUIXQUILUCAN,MEX.,(P)*,"PRODUCTORA Y DIFUSORA UNIVERSITARIA, A.C.",XEANAH,AM,1670,1 -D  1 -N,01/03/10,01/03/22,192140,992103,2726,
IXTAPAN DE LA SAL,MEX.,(C),GRACIELA BARRERA Y DE LA GARZA,XEXI,AM,1400,2.5 -D  1 -N,17/07/02,16/07/14,185041,994033,1884,
LOS REYES ACAQUILPAN,MEX.,(C),"RADIO INTEGRAL, S.A. DE C.V.",XEL,AM,1260,35 -D  5 -N,03/07/04,02/07/16,192138,985848,2260,
LOS REYES ACAQUILPAN,MEX.,(C),"RADIO PUBLICIDAD LATINOAMERICANA, S.A. DE C.V.",XEVOZ,AM,1590,20 -D  10 -N,04/07/04,03/07/16,192138,985848,2260,
METEPEC,MEX.,(P),GOBIERNO DEL ESTADO DE MÉXICO,XEGEM,AM,1600,2.5 -D  0.25 -N,02/07/04,R,191501,993617,2633,
SAN ANDRÉS DE LA CAÑADA,MEX.,(C),"RADIO 6.20, S.A. DE C.V.",XENK,AM,620,50 -D  5 -N,21/02/10,20/02/20,191910,992221,3031,??
SAN SEBASTIÁN CHIMALPA,MEX.,(C),"MÉXICO RADIO, S.A. DE C.V.",XEABC,AM,760,70 -D  10 -N,04/07/04,03/07/16,192250,985710,2260,
TEJUPILCO DE HIDALGO,MEX.,(P),GOBIERNO DEL ESTADO DE MÉXICO,XETEJ,AM,1250,0.5 -D  0.25 -N,02/07/04,R,185421,1000910,1330,
TLALMANALCO,MEX.,(C),"XEWF, S.A.",XEWF,AM,540,20 -D  2.5 -N,10/10/09,09/10/19,191216,984809,2392,
TLALNEPANTLA,MEX.,(C),"XEFAJ, S.A. DE C.V.",XEINFO,AM,1560,50 -D  10 -N,04/07/04,03/07/16,193212,991141,2254,
TLALNEPANTLA,MEX.,(C),"RADIO RED, S.A. DE C.V.",XERED,AM,1110,100 -D  50 -N,04/07/04,03/07/16,193212,991141,2254,
TULTITLAN,MEX.,(P),GOBIERNO DEL ESTADO DE MÉXICO,XETUL,AM,1080,5 -D  0.25 -N,02/07/04,R,193842,991010,2252,
APATZINGÁN,MICH.,(C),JOSÉ LARIS RODRÍGUEZ,XEAPM,AM,1340,1 -D  1 -N,16/03/05,13/03/17,190519,1022103,325,
APATZINGÁN,MICH.,(C),"MANUEL FLORES Y COMPAÑÍA, S. EN N. C.",XECJ,AM,970,1 -D  0.25 -N,22/07/10,21/07/20,190519,1022103,325,
APATZINGÁN,MICH.,(C),"XEML, S.A.",XEML,AM,770,5 -D  1.5 -N,04/07/04,03/07/16,190519,1022103,325,
CHERAN,MICH.,(P),COMISIÓN NACIONAL PARA EL DESARROLLO DE LOS PUEBLOS INDÍGENAS,XEPUR,AM,830,8 -D  N.A. -N,26/01/88,N.D.,194112,1015717,2377,
HUETAMO DE NÚÑEZ,MICH.,(C),"CANALES RADIOFÓNICOS, S.A.",XEKN,AM,720,5 -D  N.A. -N,15/11/11,14/11/23,183737,1005350,301,
JIQUILPAN DE JUÁREZ,MICH.,(C),"XEIX, S.A.",XEIX,AM,1290,1 -D  0.5 -N,04/07/04,03/07/16,195939,1024302,1542,
LA PIEDAD DE CABADAS,MICH.,(C),"980 DUAL ESTÉREO, S.A. DE C.V.",XELC,AM,980,5 -D  0.2 -N,04/07/04,03/07/16,202021,1020130,1689,
LÁZARO CÁRDENAS,MICH.,(C),"XELCM-AM, S.A. DE C.V.",XELCM,AM,920,5 -D  2.5 -N,24/02/08,23/02/20,175722,1021132,10,
LOS REYES DE SALGADO,MICH.,(C),GILBERTO HOSSFELDT DÍAZ,XEGQ,AM,1000,3.5 -D  N.A. ,07/06/05,06/06/17,193524,1022827,1308,
MORELIA,MICH.,(C),"RADIO TREMOR MORELIA, S.A. DE C.V.",XECR,AM,1340,1 -D  1 -N,25/06/04,24/06/16,194208,1011108,1920,
MORELIA,MICH.,(C),CARLOS DE JESÚS QUIÑONES ARMENDÁRIZ,XELIA,AM,1140,5 -D  0.5 -N,24/02/08,23/02/20,194208,1011108,1920,
MORELIA,MICH.,(C),"LARIS HERMANOS, S.A.",XELQ,AM,570,2 -D  1.7 -N,12/11/10,11/11/20,194208,1011108,1920,
MORELIA,MICH.,(P),GOBIERNO DEL ESTADO DE MICHOACÁN,XEREL,AM,1550,1 -D  1 -N,29/04/11,28/04/23,194208,1011108,1920,
SAHUAYO DE MORELOS,MICH.,(C),JOSÉ RAÚL NAVA BECERRA,XERNB,AM,1450,1 -D  1 -N,14/03/08,13/03/20,200327,1024326,1543,
URUAPAN,MICH.,(C),"XEFN, S.A.",XEFN,AM,1130,1 -D  0.1 -N,27/04/03,26/04/15,192510,1020330,1620,
URUAPAN,MICH.,(C),"XEIP-AM, S.A. DE C.V.",XEIP,AM,1050,1 -D  1 -N,03/08/09,02/08/21,192510,1020330,1620,
URUAPAN,MICH.,(C),"XEUF, S.A.",XEUF,AM,610,5 -D  1 -N,14/07/06,13/07/18,192510,1020330,1620,
ZITÁCUARO,MICH.,(C),"RADIO ZITÁCUARO, S.A.",XELX,AM,700,10 -D  0.5 -N,04/07/04,03/07/16,193115,1002430,2119,
CUAUTLA,MOR.,(P),GOBIERNO DEL ESTADO DE MORELOS,XECTAM,AM,1390,1 -D  0.25 -N,26/06/13,25/06/25,184844,985721,1294,
JARRETADERAS,NAY.,(C),LUIS CARLOS MENDIOLA CODINA,XECJU,AM,590,10 -D  5 -N,03/04/05,02/04/17,204133,1051626,10,
JESÚS MARÍA,NAY.,(P),COMISIÓN NACIONAL PARA EL DESARROLLO DE LOS PUEBLOS INDÍGENAS,XEJMN,AM,750,10 -D  N.A. ,15/05/91,N.D.,221503,1043102,422,
TECUALA,NAY.,(C),"COMUNICACIÓN INTEGRAL DE NAYARIT, S.A. DE C.V.",XETD,AM,570,5 -D  1 -N,04/07/04,03/07/16,222350,1052726,10,
TEPIC,NAY.,(C),"XETEY-AM, S.A. DE C.V.",XETEY,AM,840,1 -D  0.25 -N,18/07/05,17/07/17,213059,1045339,920,
TEPIC,NAY.,(P),GOBIERNO DEL ESTADO DE NAYARIT,XETNC,AM,550,2.5 -D  0.15 -N,15/11/00,R,213059,1045339,920,
XALISCO,NAY.,(P)*,"PLENITUD DE VIDA, A.C.",XEPVI,AM,1280,1 -D  1 -N,08/03/10,08/03/22,212639,1045406,995,
APODACA,N.L.,(C),"RADIO FIESTA, S.A. DE C.V.",XEBJB,AM,570,5 -D  0.5 -N,04/01/08,03/01/18,254654,1001120,430,
APODACA,N.L.,(C),"ORGANIZACIÓN MEXICANA DE RADIO, S.A. DE C.V.",XEMR,AM,1140,50 -D  50 -N,03/07/04,02/07/16,254654,1001120,430,
ESCOBEDO,N.L.,(P),GOBIERNO DEL ESTADO DE NUEVO LEÓN,XEQI,AM,1510,10 -D  N.A,21/07/05,R,254831,1001937,500,
GUADALUPE,N.L.,(C),"FORMULA RADIOFÓNICA, S.A. DE C.V.",XEACH,AM,770,25 -D  1 -N,18/01/04,17/01/16,254045,1001406,480,
GUADALUPE,N.L.,(C),"RADIO CENTINELA, S.A. DE C.V.",XEAU,AM,1090,5 -D  0.5 -N,04/07/04,03/07/16,254045,1001406,480,
GUADALUPE,N.L.,(C),"RADIO INFORMATIVA, S.A. DE C.V.",XEAW,AM,1280,10 -D  1 -N,04/07/04,03/07/16,254045,1001406,480,
GUADALUPE,N.L.,(C),"CANAL 1190, S.A. DE C.V.",XECT,AM,1190,10 -D  0.1 -N,20/08/13,19/08/25,254045,1001406,480,
GUADALUPE,N.L.,(C),"EMISORAS INCORPORADAS DE MONTERREY, S.A.",XEFB,AM,630,10 -D  10 -N,04/07/04,03/07/16,254045,1001406,480,
GUADALUPE,N.L.,(C),"LA VOZ DE NORTEAMÉRICA, S.A. DE C.V.",XEG,AM,1050,100 -D  100 -N,03/07/04,02/07/16,254045,1001406,480,
GUADALUPE,N.L.,(C),"TRANSMISORA REGIONAL RADIO FORMULA, S.A. DE C.V.",XEIZ,AM,1230,10 -D  1 -N,04/07/04,03/07/16,254045,1001406,480,
GUADALUPE,N.L.,(C),"RADIO CONTENIDOS, S.A. DE C.V.",XEJM,AM,1450,5 -D  1 -N,04/07/04,03/07/16,254045,1001406,480,
GUADALUPE,N.L.,(C),"FORMULA RADIOFÓNICA, S.A. DE C.V.",XEMON,AM,1370,10 -D  0.4 -N,29/11/03,28/11/15,254045,1001406,480,
GUADALUPE,N.L.,(C),"LA VOZ DE LINARES, S.A.",XENL,AM,860,5 -D  1.5 -N,04/07/04,03/07/16,254045,1001406,480,
GUADALUPE,N.L.,(C),"RADIO INTEGRAL, S.A. DE C.V.",XEOK,AM,900,10 -D  2.5 -N,20/06/08,19/06/20,254045,1001406,480,
GUADALUPE,N.L.,(C),"LA VOZ DE LINARES, S.A.",XERG,AM,690,10 -D  1 -N,04/07/04,03/07/16,254045,1001406,480,
GUADALUPE,N.L.,(C),"TRANSMISORA MONTERREY, S.A. DE C.V.",XETKR,AM,1480,10 -D  1 -N,04/07/04,03/07/16,254045,1001406,480,
GUADALUPE,N.L.,(C),"CADENA RADIODIFUSORA MEXICANA, S.A. DE C.V.",XEWA,AM,540,1.5 -D  1 -N,04/07/04,03/07/16,254045,1001406,480,
LINARES,N.L.,(C),"LA VOZ DE LINARES, S.A.",XELN,AM,830,5 -D  0.25 -N,04/07/04,03/07/16,245136,993400,350,
MONTERREY,N.L.,(C),"PROFESIONALES DE LA RADIO, S.A. DE C.V.",XENV,AM,1340,1 -D  1 -N,04/07/04,03/07/16,254017,1001831,530,
MONTERREY,N.L.,(C),"RADIO RED, S.A. DE C.V.",XESTN,AM,1540,5 -D  0.5 -N,29/11/03,28/11/15,254017,1001831,530,
OJO DE AGUA,N.L.,(C),"AUDIO PUBLICIDAD, S.A. DE C.V.",XEDD,AM,800,10 -D  2.5 -N,18/01/13,17/01/25,251212,994541,360,
SABINAS HIDALGO,N.L.,(C),"RADIODIFUSORAS INDEPENDIENTES, S.A. DE C.V.",XESH,AM,1400,1 -D  1 -N,03/07/04,02/07/16,263011,1001104,301,
SAN NICOLÁS DE LOS GARZA,N.L.,(C),"RADIO AUDITORIO, S.A. DE C.V.",XEFZ,AM,660,10 -D  1 -N,29/03/13,28/03/25,254430,1001808,508,
SAN NICOLÁS DE LOS GARZA,N.L.,(C),"EMISORAS INCORPORADAS DE MONTERREY, S.A.",XEH,AM,1420,5 -D  0.4 -N,04/07/04,03/07/16,254430,1001808,508,
SAN NICOLÁS DE LOS GARZA,N.L.,(C),"EMISORAS INCORPORADAS DE MONTERREY, S.A.",XEMN,AM,600,1 -D  0.5 -N,04/07/04,03/07/16,254430,1001808,508,
SAN NICOLÁS DE LOS GARZA,N.L.,(C),"RADIO TRIUNFOS, S.A. DE C.V.",XET,AM,990,50 -D  50 -N,24/01/04,23/01/16,254430,1001808,508,
SAN NICOLÁS DE LOS GARZA,N.L.,(C),"AGRUPACIÓN DE RADIO, S.A. DE C.V.",XEVB,AM,1310,5 -D  N.A. -N,01/09/07,31/08/19,254430,1001808,508,
EL VIGÍA,OAX.,(C),"RADIO SOLUCIÓN, S.A. DE C.V.",XEPX,AM,650,5 -D  0.2 -N,27/09/07,26/09/19,154318,962815,170,
GUELATAO DE JUÁREZ,OAX.,(P),COMISIÓN NACIONAL PARA EL DESARROLLO DE LOS PUEBLOS INDÍGENAS,XEGLO,AM,780,10 -D  N.A. ,04/05/89,N.D.,171905,962935,1796,
MATÍAS ROMERO,OAX.,(C),"COMPLEJO SATELITAL, S.A. DE C.V.",XEYG,AM,660,1 -D  0.5 -N,06/06/10,05/06/20,165220,950230,198,
OAXACA DE JUÁREZ,OAX.,(C),"RADIO XEIU, S.A. DE C.V.",XEIU,AM,990,2.5 -D  1 -N,22/11/07,21/11/19,170404,964312,1557,
OAXACA DE JUÁREZ,OAX.,(C),"RADIODIFUSORA XEOA-AM, S.A. DE C.V.",XEOA,AM,570,5 -D  2.5 -N,04/07/04,03/07/16,170404,964312,1557,
OAXACA DE JUÁREZ,OAX.,(P),UNIVERSIDAD AUTÓNOMA BENITO JUÁREZ DE OAXACA,XEUBJ,AM,1400,1 -D  1 -N,23/03/00,R,170404,964312,1557,
PUERTO ESCONDIDO,OAX.,(C),"RADIO SOLUCIÓN, S.A. DE C.V.",XEACC,AM,870,10 -D  0.25 -N,11/04/09,10/04/19,155143,970418,65,
PUTLA DE GUERRERO,OAX.,(C),MICHAEL AMANDO MENESES OLAYA,XEPOR,AM,740,5 -D  1 -N,08/08/06,07/08/18,170133,975545,744,
SALINA CRUZ,OAX.,(C),HUMBERTO ALEJANDRO LOPEZLENA ROBLES,XEHLL,AM,550,1 -D  0.25 -N,04/07/04,03/07/16,161057,951145,22,
SAN LUCAS OJITLAN,OAX.,(P),COMISIÓN NACIONAL PARA EL DESARROLLO DE LOS PUEBLOS INDÍGENAS,XEOJN,AM,950,10 -D  N.A. -N,15/03/91,N.D.,180324,962351,157,
SANTA CRUZ AMILPAS,OAX.,(C),"PROMOTORA DE RADIODIFUSIÓN DEL SURESTE, S.A. DE C.V.",XEKC,AM,1460,5 -D  0.5 -N,19/04/10,18/04/20,170330,964100,1540,
SANTA MARÍA ASUNCIÓN TLAXIACO,OAX.,(P),COMISIÓN NACIONAL PARA EL DESARROLLO DE LOS PUEBLOS INDÍGENAS,XETLA,AM,930,5 -D  N.A. -N,01/01/85,N.D.,171433,975956,1759,???
SANTIAGO JAMILTEPEC,OAX.,(P),COMISIÓN NACIONAL PARA EL DESARROLLO DE LOS PUEBLOS INDÍGENAS,XEJAM,AM,1260,10 -D  N.A. ,03/08/92,N.D.,161645,974913,460,
CUETZALAN DE PROGRESO,PUE.,(P),COMISIÓN NACIONAL PARA EL DESARROLLO DE LOS PUEBLOS INDÍGENAS,XECTZ,AM,1350,10 -D  N.A. ,13/08/92,N.D.,200107,973116,932,
IZUCAR DE MATAMOROS,PUE.,(C),"RADIODIFUSORAS CAPITAL, S.A. DE C.V.",XEEV,AM,1330,0.5 -D  N.A. ,12/11/10,11/11/20,183756,982806,1332,
PUEBLA,PUE.,(C),"RADIO PUEBLA, S.A.",XECD,AM,1170,10 -D  2.5 -N,04/07/04,03/07/16,190243,981151,2147,
PUEBLA,PUE.,(C),"RADIO PANZACOLA, S.A.",XEEG,AM,1280,1 -D  0.5 -N,21/09/05,20/09/17,190243,981151,2147,
PUEBLA,PUE.,(C),"EMPRESA RADIODIFUSORA DE PUEBLA XEHR, S.A. DE C.V.",XEHR,AM,1090,   2.5 -D  1 -N,04/07/04,03/07/16,190243,981151,2147,
PUEBLA,PUE.,(C),"OPERADORA DE RADIO DE PUEBLA, S.A. DE C.V.",XEPUE,AM,1210,5 -D  1 -N,04/07/04,03/07/16,190243,981151,2147,
PUEBLA,PUE.,(C),"RADIO PRINCIPAL, S.A. DE C.V.",XEZT,AM,1250,5 -D  0.5 -N,26/10/05,25/10/17,190243,981151,2147,
SAN BERNARDINO TLAXCALANCINGO,PUE.,(C),"RADIO POBLANA, S.A. DE C.V.",XEHIT,AM,1310,5 -D  1 -N,04/07/04,03/07/16,190144,981630,2122,
SAN BERNARDINO TLAXCALANCINGO,PUE.,(C),"RADIO XEZAR, S.A. DE C.V.",XEZAR,AM,920,1 -D  1 -N,06/01/04,05/01/16,190144,981630,2122,
SAN JOSÉ XILOTZINGO,PUE.,(C),"X.E.P.O.P., S.A. DE C.V.",XEPOP,AM,1120,5 -D  0.1 -N,05/04/04,04/04/16,190243,981151,2147,
SANTA MARÍA CORONANGO,PUE.,(C),JOSÉ ASEF HANAN BADRI,XEPA,AM,1010,20 -D  2 -N,04/07/04,03/07/16,190756,981825,2184,
TEHUACÁN,PUE.,(C),"RADIO TEHUACÁN, S.A. DE C.V.",XEGY,AM,1070,2.5 -D  0.25 -N,04/07/04,03/07/16,182750,972335,1633,
TEHUACÁN,PUE.,(C),"AM DE TEHUACÁN, S.A. DE C.V.",XETE,AM,1140,5 -D  1 -N,10/11/10,09/11/20,182750,972335,1633,
XICOTEPEC DE JUÁREZ,PUE.,(C),"RADIODIFUSIÓN DE XICOTEPEC, S.A. DE C.V.",XEVJP,AM,570,5 -D  1 -N,20/07/03,19/07/15,201627,975718,1142,
JALPAN DE SERRA,QRO.,(P),GOBIERNO DEL ESTADO DE QUERÉTARO,XEQJAL,AM,1200,5 -D  N.A. -N,28/02/07,R,211302,992823,756,
QUERÉTARO,QRO.,(P),UNIVERSIDAD AUTÓNOMA DE QUERÉTARO,XEUAQ,AM,580,0.25 -D  0.25 -N,15/11/05,R,203517,1002317,1824,
SAN JUAN DEL RIO,QRO.,(C),"MULTIMEDIOS EN RADIODIFUSIÓN MORALES, S.A. DE C.V.",XEVI,AM,1400,1 -D  1 -N,04/07/04,03/07/16,202320,995947,1917,
CANCÚN,Q.ROO.,(C),"XECCQ-AM, S.A. DE C.V.",XECCQ,AM,630,0.5 -D  0.5 -N,28/11/03,27/11/15,210938,865051,10,
CANCÚN,Q.ROO.,(C),"RADIO INTEGRAL, S.A. DE C.V.",XEYI,AM,580,1 -D  0.25 -N,18/01/10,17/01/20,210938,865051,10,
CHETUMAL,Q.ROO.,(C),"XEQAA-AM, S.A. DE C.V.",XEQAA,AM,560,5 -D  1 -N,04/10/04,03/10/16,183013,881819,10,
CHETUMAL,Q.ROO.,(C),LUIS ALBERTO PAVÍA MENDOZA,XEWO,AM,1020,1 -D  0.25 -N,09/03/10,08/03/20,183013,881819,10,
COZUMEL,Q.ROO.,(C),LUIS ALBERTO PAVÍA MENDOZA,XERB,AM,810,2.5 -D  0.25 -N,02/03/09,01/03/19,203100,865630,1,
FELIPE CARRILLO PUERTO,Q.ROO.,(P),GOBIERNO DEL ESTADO DE QUINTANA ROO,XECPR,AM,660,30 -D  N.A,25/10/00,R,193443,880243,20,
JUAN SARABIA,Q.ROO.,(P),GOBIERNO DEL ESTADO DE QUINTANA ROO,XECTL,AM,860,10 -D  1 -N,25/10/10,24/10/22,183011,882853,20,
PUERTO MORELOS,Q.ROO.,(C),"TRANSMISORA REGIONAL RADIO FORMULA, S.A. DE C.V.",XECAQ,AM,740,20 -D  10 -N,25/07/09,24/07/21,205113,865355,4,
PUERTO MORELOS,Q.ROO.,(C),"ADMINISTRADORA ARCÁNGEL, S.A. DE C.V.",XEQOO,AM,1050,35 -D  2.5 -N,10/11/03,09/11/15,205113,865355,4,
MATEHUALA,S.L.P.,(C),"RADIO MEDIOS MATEHUALA, S.A. DE C.V.",XEIE,AM,1030,5 -D  1 -N,12/08/06,11/08/18,233847,1003840,1577,
SAN LUIS POTOSÍ,S.L.P.,(C),"CONTROLADORA DE MEDIOS, S.A. DE C.V.",XEBM,AM,820,10 -D  1 -N,03/07/04,02/07/16,220859,1005830,1864,
SOLEDAD DE GRACIANO SÁNCHEZ,S.L.P.,(C),"CADENA RADIODIFUSORA MEXICANA, S.A. DE C.V.",XEWA,AM,540,150 -D      150 -N,04/07/03,03/07/15,221059,1005627,1849,
SOLEDAD DE GRACIANO SÁNCHEZ,S.L.P.,(P),UNIVERSIDAD AUTÓNOMA DE SAN LUIS POTOSÍ,XEXQ,AM,1190,25 -D  1 -N,22/09/62,N.D.,221059,1005627,1849,
TANCANHUITZ DE SANTOS,S.L.P.,(P),COMISIÓN NACIONAL PARA EL DESARROLLO DE LOS PUEBLOS INDÍGENAS,XEANT,AM,770,10 -D  N.A. ,12/06/89,ND,213544,985800,218,
CHAMETLA,SIN.,(C),MANUEL FRANCISCO PÉREZ MUÑOZ,XEHW,AM,600,5 -D  1 -N,03/07/04,02/07/16,225239,1055727,9,
CULIACÁN,SIN.,(C),"AMPLITUD MODULADA 710, S.A.",XEBL,AM,710,5 -D  0.25 -N,03/07/04,02/07/16,244731,1072353,64,
CULIACÁN,SIN.,(C),"XECSI-AM, S.A. DE C.V.",XECSI,AM,750,5 -D  0.25 -N,15/03/06,14/03/18,244731,1072353,64,
CULIACÁN,SIN.,(C),"MEGA FRECUENCIA, S.A. DE C.V.",XENW,AM,860,1 -D  0.25 -N,04/07/04,03/07/16,244731,1072353,64,
CULIACÁN,SIN.,(P),UNIVERSIDAD AUTÓNOMA DE SINALOA,XEUAS,AM,1150,10 -D  0.125 -N,03/12/73,N.D.,244731,1072353,64,
GUASAVE,SIN.,(C),"RADIODIFUSORES POR TRADICIÓN, S.A. DE C.V.",XEGS,AM,610,6 -D  1 -N,10/12/08,09/12/20,253424,1082813,20,
LOS MOCHIS,SIN.,(C),"RADIODIFUSORA XEHS, S.A. DE C.V.",XEHS,AM,540,5 -D  2.5 -N,04/07/04,03/07/16,254737,1085949,12,
MAZATLÁN,SIN.,(C),"FÓRMULA RADIOFÓNICA, S.A. DE C.V.",XEACE,AM,1470,1 -D  0.1 -N,27/11/08,26/11/20,240631,1070744,0,
MAZATLÁN,SIN.,(C),"RADIO EMISORA OCCIDENTAL, S.A.",XEOPE,AM,630,1 -D  0.25 -N,27/05/10,26/05/20,240631,1070744,0,
MAZATLÁN,SIN.,(C),"RADIO XEVU, S.A. DE C.V.",XEVU,AM,720,1 -D  0.5 -N,19/02/07,18/02/19,240631,1070744,0,
CABORCA,SON.,(C),"RADIO PALACIOS, S.A. DE C.V.",XEUK,AM,570,0.5 -D  0.25 -N,23/08/09,22/08/21,304256,1120933,280,
CD. OBREGÓN,SON.,(C),"DIFUSIÓN RADIOFÓNICA DE CIUDAD OBREGÓN, S.A. DE C.V.",XEEB,AM,760,5 -D  1 -N,04/07/04,03/07/16,272921,1095606,33,
CD. OBREGÓN,SON.,(C),"RADIO CAJEME, S.A. DE C.V.",XEOX,AM,1430,5 -D  0.5 -N,04/07/04,03/07/16,272921,1095606,33,
CD. OBREGÓN,SON.,(C),"EMPRESAS EDITORIALES DEL NOROESTE, S.A. DE C.V.",XERSV,AM,810,5 -D  N.A. -N,04/07/04,03/07/16,272921,1095606,33,
EL SIFÓN,SON.,(C),ARNOLDO RODRÍGUEZ ZERMEÑO,XESOS,AM,730,2 -D  0.3 -N,04/07/04,03/07/16,311505,1094431,1392,
ETCHOJOA,SON.,(P),COMISIÓN NACIONAL PARA EL DESARROLLO DE LOS PUEBLOS INDÍGENAS,XEETCH,AM,700,5 -D  N.A. -N,28/05/09,27/05/21,265439,1093731,12,
GUAYMAS,SON.,(C),"GILHAAM, S.A. DE C.V.",XEBQ,AM,1240,1 -D  1 -N,10/03/08,09/03/20,275506,1105356,10,wiki
GUAYMAS,SON.,(C),"RADIO AMISTAD DE SONORA, S.A. DE C.V.",XEDR,AM,830,2.5 -D  N.A. ,04/07/04,03/07/16,275506,1105356,10,wiki
GUAYMAS,SON.,(C),"RADIO SONORA, S.A.",XEFX,AM,630,1 -D  0.25 -N,04/07/04,03/07/16,275506,1105356,10,wiki
HERMOSILLO,SON.,(C),"STEREOREY MÉXICO, S.A.",XEBH,AM,590,1 -D  1 -N,04/07/04,03/07/16,290556,1105715,216,
HERMOSILLO,SON.,(C),CARLOS DE JESÚS QUIÑONES ARMENDÁRIZ,XEPB,AM,950,10 -D  0.1 -N,04/07/04,03/07/16,290556,1105715,216,
HERMOSILLO,SON.,(P),UNIVERSIDAD DE SONORA,XEUS,AM,850,1 -D  0.2 -N,02/03/10,01/03/15,290556,1105715,216,
HERMOSILLO,SON.,(C),CARLOS DE JESÚS QUIÑONES ARMENDÁRIZ,XEVS,AM,1110,1 -D  0.25 -N,04/07/04,03/07/16,290556,1105715,216,
HUATABAMPO,SON.,(C),MANUEL OSWALDO ALVARADO QUINTERO,XEYO,AM,560,1 -D  0.5 -N,16/03/05,15/03/17,264939,1093832,8,
MAGDALENA DE KINO,SON.,(C),JESÚS L. ROCHIN,XEDJ,AM,1450,0.5 -D  0.5 -N,09/01/07,08/01/17,303737,1105803,757,
NAVOJOA,SON.,(C),SUCN. DE FAUSTO MARCO GÓMEZ COTA,XEGL,AM,1270,1 -D  0.5 -N,04/07/04,03/07/16,270451,1092643,40,
NOGALES,SON.,(C),"RADIO NOGALES, S. DE R.L.",XECG,AM,1240,1 -D  1 -N,04/07/04,03/07/16,311907,1105645,1199,wiki
NOGALES,SON.,(C),"FORMULA RADIOFÓNICA, S.A. DE C.V.",XEHF,AM,1370,5 -D  5 -N,04/07/04,03/07/16,311907,1105645,1199,wiki
NOGALES,SON.,(C),"XEHN, S.A.",XEHN,AM,1130,1 -D  N.A. -N,29/11/07,28/11/19,311907,1105645,1199,wiki
NOGALES,SON.,(C),SUCN. RAMÓN GUZMÁN RIVERA,XENY,AM,760,5 -D  0.1 -N,04/07/04,03/07/16,311907,1105645,1199,wiki
NOGALES,SON.,(C),"RADIO 13, S.A.",XEXW,AM,1300,1 -D  0.1 -N,04/07/04,03/07/16,311907,1105645,1199,wiki
SAN LUIS RIO COLORADO,SON.,(C),"RADIO IMPULSORA DE SAN LUIS, S.A. DE C.V.",XECB,AM,1460,10 -D  0.25 -N,04/07/04,03/07/16,322836,1144545,51,
SAN LUIS RIO COLORADO,SON.,(C),SUCN. DE FRANCISCO ENCINAS ANGULO,XEEH,AM,1520,1 -D  N.A. -N,27/06/03,26/06/15,322836,1144545,51,
SAN LUIS RIO COLORADO,SON.,(C),"RADIO IMPULSORA DE SAN LUIS, S.A. DE C.V.",XELBL,AM,1350,8 -D  N.A. -N,04/07/04,03/07/16,322836,1144545,51,
SAN LUIS RIO COLORADO,SON.,(C),"RADIO IMPULSORA DE SAN LUIS, S.A. DE C.V.",XEMW,AM,1260,1 -D  0.25 -N,04/07/04,03/07/16,322836,1144545,51,
URES,SON.,(C),SUCN. DE FRANCISCO VIDAL ESQUER,XEXN,AM,1010,0.5 -D  0.2 -N,25/11/09,24/11/19,292553,1102201,390,
CUNDUACÁN,TAB.,(P),GOBIERNO DEL ESTADO DE TABASCO,XETVH,AM,1230,20 -D  1 -N,29/10/98,R,180402,931032,10,
TENOSIQUE,TAB.,(P),GOBIERNO DEL ESTADO DE TABASCO,XETQE,AM,1120,5 -D  0.5 -N,29/10/03,28/10/15,172821,912536,20,
VILLAHERMOSA,TAB.,(C),"RADIO DINÁMICA DEL SURESTE, S.A. DE C.V.",XEKV,AM,740,10 -D  1 -N,21/03/06,20/03/18,175921,925541,9,
BRECHA 73,TAMPS.,(C),"RADIO AVANZADO GAL DE VALLE HERMOSOS, S.A. DE C.V.",XERDO,AM,1060,7 -D  2.5 -N,04/07/04,03/07/16,254450,974809,14,
CD. CAMARGO,TAMPS.,(C),"RADIO CAMARGO, S.A.",XEZD,AM,1350,0.25 -D    0.25 -N,04/07/04,03/07/16,261511,985039,52,
CD. MIGUEL ALEMÁN,TAMPS.,(C),ANTONIO GALLEGOS GONZÁLEZ,XEHI,AM,1470,10 -D  0.25 -N,15/03/03,14/03/15,262401,990131,50,
CD. MIGUEL ALEMÁN,TAMPS.,(C),"EL HERALDO FRONTERIZO, S.A.",XEWD,AM,1430,5 -D  0.15 -N,24/01/03,23/01/15,262401,990131,50,
CD. VICTORIA,TAMPS.,(P),GOBIERNO DEL ESTADO DE TAMAULIPAS,XEVIC,AM,1480,5 -D  0.15 -N,19/12/05,18/12/17,234410,990846,318,
ESTEROS,TAMPS.,(P)*,GOBIERNO DEL ESTADO DE TAMAULIPAS,XEERO,AM,630,1 -D  0.15 -N,19/12/05,18/12/17,223111,980732,25,
GUADALUPE,TAMPS.,(C),"XEMT DE MATAMOROS, S.A. DE C.V.",XEMT,AM,1340,0.6 -D  0.6 -N,18/06/10,17/06/20,260306,985158,92,
MATAMOROS,TAMPS.,(C),"XEAM DE MATAMOROS, S.A. DE C.V.",XEAM,AM,1310,1 -D  0.25 -N,04/07/04,03/07/16,255247,973015,9,
MATAMOROS,TAMPS.,(C),SUCN. DE JORGE CÁRDENAS GONZÁLEZ,XEEW,AM,1420,1 -D  1 -N,04/07/04,03/07/16,255247,973015,9,
MATAMOROS,TAMPS.,(C),SUCN. DE ANTONIO SALVADOR GALLEGOS ESCALANTE.,XEMS,AM,1490,1 -D  1 -N,26/07/10,25/07/20,255247,973015,9,
MATAMOROS,TAMPS.,(C),"RADIODIFUSORAS EL GALLO, S.A. DE C.V.",XEO,AM,970,1 -D  1 -N,25/07/07,24/07/19,255247,973015,9,
NUEVO LAREDO,TAMPS.,(C),"PUBLICIDAD RADIOFÓNICA DE NUEVO LAREDO, S.A. DE C.V.",XEAS,AM,1410,1 -D  0.25 -N,03/03/08,02/03/18,272911,993029,130,
NUEVO LAREDO,TAMPS.,(C),GUSTAVO ALONSO CORTEZ MONTIEL,XEBK,AM,1340,1 -D  1 -N,03/07/04,02/07/16,272911,993029,130,
NUEVO LAREDO,TAMPS.,(C),MANUEL CRISTÓBAL MONTIEL GOVEA,XEFE,AM,790,1 -D  0.5 -N,04/07/04,03/07/16,272911,993029,130,
NUEVO LAREDO,TAMPS.,(C),"RADIO RITMO, S.A.",XEGNK,AM,1370,5 -D  0.5 -N,04/07/04,03/07/16,272911,993029,130,
NUEVO LAREDO,TAMPS.,(C),EDUARDO VILLARREAL MARROQUÍN,XEK,AM,960,5 -D  1 -N,04/07/04,03/07/16,272911,993029,130,
NUEVO LAREDO,TAMPS.,(C),"RADIO FORMULA DEL NORTE, S.A. DE C.V.",XENLT,AM,1000,1 -D   0.1 -N,22/05/13,21/05/25,272911,993029,130,
NUEVO LAREDO,TAMPS.,(C),"PUBLICIDAD UNIDA DEL NORTE, S.A. DE C.V.",XENU,AM,1550,5 -D  0.25 -N,04/07/04,03/07/16,272911,993029,130,
NUEVO LAREDO,TAMPS.,(C),"RADIODIFUSORAS CORTES, S.A.",XEWL,AM,1090,1 -D  N.A. -N,20/05/10,19/05/19,272911,993029,130,
REYNOSA,TAMPS.,(C),"RADIO IMPULSORA, S.A.",XERI,AM,810,1 -D  0.1 -N,04/07/04,03/07/16,260532,981640,33,
REYNOSA,TAMPS.,(C),"GRUPO RADIOFÓNICO DE REYNOSA, S.A. DE C.V.",XERKS,AM,940,1 -D  1 -N,03/03/03,02/03/15,260532,981640,33,
REYNOSA,TAMPS.,(C),"PUBLICIDAD UNIDA DE REYNOSA, S.A. DE C.V.",XERT,AM,1170,5 -D  N.A. -N,04/07/04,03/07/16,260532,981640,33,
RIO BRAVO,TAMPS.,(C),"CORPORADIO GAPE DE TAMAULIPAS, S.A. DE C.V.",XEFD,AM,590,5 -D  0.5 -N,13/05/03,12/05/15,260044,980431,27,
RIO BRAVO,TAMPS.,(C),ERNESTO MONTEMAYOR IBARRA,XEGH,AM,620,1 -D  0.25 -N,30/03/05,29/03/17,260044,980431,27,
RIO BRAVO,TAMPS.,(C),"CORPORADIO GAPE DE TAMAULIPAS, S.A. DE C.V.",XEOQ,AM,1110,1 -D  N.A. -N,04/07/04,03/07/16,260044,980431,27,
RIO BRAVO,TAMPS.,(C),"RADIODIFUSORAS EL GALLO, S.A. DE C.V.",XEOR,AM,1390,1 -D  1 -N,05/11/09,04/11/19,260044,980431,27,
SAN FERNANDO,TAMPS.,(C),"RADIO TAURO, S.A. DE C.V.",XESFT,AM,780,5 -D  1 -N,07/11/03,06/11/15,245051,980930,42,
SANTA ELENA,TAMPS.,(C),"XETAM-AM, S.A. DE C.V.",XETAM,AM,640,5 -D  1 -N,04/05/04,03/05/16,234410,990846,318,ciudad victoria
TAMPICO,TAMPS.,(C),"FLORES, S.A. DE C.V.",XEFW,AM,810,50 -D  1 -N,04/07/04,03/07/16,221519,975207,30,
TULA,TAMPS.,(P),GOBIERNO DEL ESTADO DE TAMAULIPAS,XETUT,AM,1280,1 -D  N.A. -N,19/12/05,18/12/17,230010,994230,1170,
IGNACIO ZARAGOZA,TLAX.,(C),"RADIO HUAMANTLA, S.A. DE C.V.",XEHT,AM,810,5 -D  1 -N,21/11/08,20/11/20,191729,975512,2517,
TLAXCALA,TLAX.,(C),"VOZ E IMAGEN DE TLAXCALA, S.A. DE C.V.",XETT,AM,1430,5 -D  1 -N,20/07/04,19/07/16,191900,981419,2230,
BANDERILLA,VER.,(C),JOSÉ LUIS OLIVA MEZA,XETP,AM,1380,10 -D  1 -N,23/02/07,21/02/19,193526,965620,1506,
COATZACOALCOS,VER.,(C),"RADIO MIL DE VERACRUZ, S.A. DE C.V.",XECSV,AM,1000,1 -D  1 -N,08/11/03,07/11/15,180809,942748,10,
COATZACOALCOS,VER.,(C),"EMISORAS MEXICANAS DE VERACRUZ, S.A. DE C.V.",XEZS,AM,1170,2.5 -D  1 -N,04/07/04,03/07/16,180809,942748,10,
COSAMALOAPAN DE CARPIO,VER.,(C),"VOZ AMIGA DE LA CUENCA DEL PAPALOAPAN, S.A. DE C.V.",XEFU,AM,630,10 -D  0.75 -N,04/07/04,03/07/16,182236,954727,9,
CUAPICHAPAN,VER.,(C),"RADIO INTEGRAL, S.A. DE C.V.",XEPP,AM,1190,1 -D  0.25 -N,27/01/08,26/01/20,185131,970548,1235,wiki
XALAPA,VER.,(C),"RADIO XEOZ, S.A. DE C.V.",XEOZ,AM,960,1 -D  0.25 -N,17/01/06,16/01/18,193217,965433,1417,
XALAPA,VER.,(P),UNIVERSIDAD VERACRUZANA,XERUV,AM,1550,10 -D  10 -N,10/11/00,R,193217,965433,1417,
LA GRANDEZA,VER.,(C),"COMPAÑÍA RADIOFÓNICA DE POZA RICA, S.A.",XEPR,AM,1020,5 -D  0.5 -N,14/03/03,15/03/15,202915,972953,59,
MINATITLÁN,VER.,(C),"OSCAR BRAVO, S.A. DE C.V.",XEMTV,AM,1260,1 -D  1 -N,15/10/10,14/10/20,180102,943338,10,
TEOCELO,VER.,(P),"ASOCIACIÓN VERACRUZANA DE COMUNICADORES POPULARES, A.C.",XEYTM,AM,1490,1 -D  1 -N,26/06/13,25/06/25,192314,965822,1181,
TEPETITLANAPA,VER.,(P),COMISIÓN NACIONAL PARA EL DESARROLLO DE LOS PUEBLOS INDÍGENAS,XEZON,AM,1360,10 -D  N.A. -N,13/08/92,N.D.,183835,970043,1501,
TUXPAN,VER.,(C),CALIXTO ALMAZÁN Y FERRER,XETL,AM,1390,5 -D  1 -N,03/07/09,02/07/19,205731,972251,10,
TUXPAN,VER.,(C),"RADIO TUXPAN, S.A. DE C.V.",XETVR,AM,1150,1.5 -D  0.5 -N,28/08/06,27/08/18,205731,972251,10,
VERACRUZ,VER.,(C),"XEQT, S.A.",XEQT,AM,800,1 -D  1 -N,31/07/04,30/07/16,191125,960912,10,
MÉRIDA,YUC.,(C),"RADIO MÉRIDA, S.A.",XEMH,AM,970,5 -D  0.5 -N,04/07/04,03/07/16,205804,893718,10,
MÉRIDA,YUC.,(C),"RADIO MIL DEL SUR, S.A. DE C.V.",XEMYL,AM,1000,5 -D  0.35 -N,18/07/13,17/07/25,205804,893718,10,
MÉRIDA,YUC.,(P),UNIVERSIDAD AUTÓNOMA DE YUCATÁN,XERUY,AM,1120,1 -D  N.A. -N,06/12/10,05/12/22,205804,893718,10,
MÉRIDA,YUC.,(C),"RADIO TRANSMISORA DEL PACIFICO, S.A. de C.V.",XEVG,AM,650,2.5 -D  0.017 -N,06/02/02,05/02/14,205804,893718,10,
MÉRIDA,YUC.,(C),TRANSMISORA REGIONAL RADIO FORMULA S.A.  DE C.V.,XEZ,AM,600,5 -D  1 -N,03/07/04,02/07/16,205804,893718,10,
MÉRIDA,YUC.,(P),"FUNDACIÓN CULTURAL PARA LA SOCIEDAD MEXICANA, A.C.",XEFCSM,AM,1700,50 -D  1 -N,30/04/13,29/04/25,205804,893718,10,
BUENA VISTA DE RIVERA,ZAC.,(C),"RADIODIFUSORA XEMA 690 AM, S.A. DE C.V.",XEMA,AM,690,50 -D  2 -N,04/07/04,03/07/16,230803,1024959,2175,
GUADALUPE VICTORIA,ZAC.,(C),"RADIO ALEGRÍA DE TLALTENANGO, S.A. DE C.V.",XETGO,AM,1100,30 -D  0.4 -N,27/05/08,26/05/20,214943,1031700,1680,
